-- MySQL dump 10.13  Distrib 8.0.30, for macos12.4 (x86_64)
--
-- Host: localhost    Database: smartmediainterface
-- ------------------------------------------------------
-- Server version	8.0.27

/*!40101 SET @OLD_CHARACTER_SET_CLIENT=@@CHARACTER_SET_CLIENT */;
/*!40101 SET @OLD_CHARACTER_SET_RESULTS=@@CHARACTER_SET_RESULTS */;
/*!40101 SET @OLD_COLLATION_CONNECTION=@@COLLATION_CONNECTION */;
/*!50503 SET NAMES utf8mb4 */;
/*!40103 SET @OLD_TIME_ZONE=@@TIME_ZONE */;
/*!40103 SET TIME_ZONE='+00:00' */;
/*!40014 SET @OLD_UNIQUE_CHECKS=@@UNIQUE_CHECKS, UNIQUE_CHECKS=0 */;
/*!40014 SET @OLD_FOREIGN_KEY_CHECKS=@@FOREIGN_KEY_CHECKS, FOREIGN_KEY_CHECKS=0 */;
/*!40101 SET @OLD_SQL_MODE=@@SQL_MODE, SQL_MODE='NO_AUTO_VALUE_ON_ZERO' */;
/*!40111 SET @OLD_SQL_NOTES=@@SQL_NOTES, SQL_NOTES=0 */;

--
-- Table structure for table `auth_group`
--

DROP TABLE IF EXISTS `auth_group`;
/*!40101 SET @saved_cs_client     = @@character_set_client */;
/*!50503 SET character_set_client = utf8mb4 */;
CREATE TABLE `auth_group` (
  `id` int NOT NULL AUTO_INCREMENT,
  `name` varchar(150) NOT NULL,
  PRIMARY KEY (`id`),
  UNIQUE KEY `name` (`name`)
) ENGINE=InnoDB DEFAULT CHARSET=utf8mb4 COLLATE=utf8mb4_0900_ai_ci;
/*!40101 SET character_set_client = @saved_cs_client */;

--
-- Dumping data for table `auth_group`
--

LOCK TABLES `auth_group` WRITE;
/*!40000 ALTER TABLE `auth_group` DISABLE KEYS */;
/*!40000 ALTER TABLE `auth_group` ENABLE KEYS */;
UNLOCK TABLES;

--
-- Table structure for table `auth_group_permissions`
--

DROP TABLE IF EXISTS `auth_group_permissions`;
/*!40101 SET @saved_cs_client     = @@character_set_client */;
/*!50503 SET character_set_client = utf8mb4 */;
CREATE TABLE `auth_group_permissions` (
  `id` bigint NOT NULL AUTO_INCREMENT,
  `group_id` int NOT NULL,
  `permission_id` int NOT NULL,
  PRIMARY KEY (`id`),
  UNIQUE KEY `auth_group_permissions_group_id_permission_id_0cd325b0_uniq` (`group_id`,`permission_id`),
  KEY `auth_group_permissio_permission_id_84c5c92e_fk_auth_perm` (`permission_id`),
  CONSTRAINT `auth_group_permissio_permission_id_84c5c92e_fk_auth_perm` FOREIGN KEY (`permission_id`) REFERENCES `auth_permission` (`id`),
  CONSTRAINT `auth_group_permissions_group_id_b120cbf9_fk_auth_group_id` FOREIGN KEY (`group_id`) REFERENCES `auth_group` (`id`)
) ENGINE=InnoDB DEFAULT CHARSET=utf8mb4 COLLATE=utf8mb4_0900_ai_ci;
/*!40101 SET character_set_client = @saved_cs_client */;

--
-- Dumping data for table `auth_group_permissions`
--

LOCK TABLES `auth_group_permissions` WRITE;
/*!40000 ALTER TABLE `auth_group_permissions` DISABLE KEYS */;
/*!40000 ALTER TABLE `auth_group_permissions` ENABLE KEYS */;
UNLOCK TABLES;

--
-- Table structure for table `auth_permission`
--

DROP TABLE IF EXISTS `auth_permission`;
/*!40101 SET @saved_cs_client     = @@character_set_client */;
/*!50503 SET character_set_client = utf8mb4 */;
CREATE TABLE `auth_permission` (
  `id` int NOT NULL AUTO_INCREMENT,
  `name` varchar(255) NOT NULL,
  `content_type_id` int NOT NULL,
  `codename` varchar(100) NOT NULL,
  PRIMARY KEY (`id`),
  UNIQUE KEY `auth_permission_content_type_id_codename_01ab375a_uniq` (`content_type_id`,`codename`),
  CONSTRAINT `auth_permission_content_type_id_2f476e4b_fk_django_co` FOREIGN KEY (`content_type_id`) REFERENCES `django_content_type` (`id`)
) ENGINE=InnoDB AUTO_INCREMENT=33 DEFAULT CHARSET=utf8mb4 COLLATE=utf8mb4_0900_ai_ci;
/*!40101 SET character_set_client = @saved_cs_client */;

--
-- Dumping data for table `auth_permission`
--

LOCK TABLES `auth_permission` WRITE;
/*!40000 ALTER TABLE `auth_permission` DISABLE KEYS */;
INSERT INTO `auth_permission` VALUES (1,'Can add file',1,'add_file'),(2,'Can change file',1,'change_file'),(3,'Can delete file',1,'delete_file'),(4,'Can view file',1,'view_file'),(5,'Can add library',2,'add_library'),(6,'Can change library',2,'change_library'),(7,'Can delete library',2,'delete_library'),(8,'Can view library',2,'view_library'),(9,'Can add log entry',3,'add_logentry'),(10,'Can change log entry',3,'change_logentry'),(11,'Can delete log entry',3,'delete_logentry'),(12,'Can view log entry',3,'view_logentry'),(13,'Can add permission',4,'add_permission'),(14,'Can change permission',4,'change_permission'),(15,'Can delete permission',4,'delete_permission'),(16,'Can view permission',4,'view_permission'),(17,'Can add group',5,'add_group'),(18,'Can change group',5,'change_group'),(19,'Can delete group',5,'delete_group'),(20,'Can view group',5,'view_group'),(21,'Can add user',6,'add_user'),(22,'Can change user',6,'change_user'),(23,'Can delete user',6,'delete_user'),(24,'Can view user',6,'view_user'),(25,'Can add content type',7,'add_contenttype'),(26,'Can change content type',7,'change_contenttype'),(27,'Can delete content type',7,'delete_contenttype'),(28,'Can view content type',7,'view_contenttype'),(29,'Can add session',8,'add_session'),(30,'Can change session',8,'change_session'),(31,'Can delete session',8,'delete_session'),(32,'Can view session',8,'view_session');
/*!40000 ALTER TABLE `auth_permission` ENABLE KEYS */;
UNLOCK TABLES;

--
-- Table structure for table `auth_user`
--

DROP TABLE IF EXISTS `auth_user`;
/*!40101 SET @saved_cs_client     = @@character_set_client */;
/*!50503 SET character_set_client = utf8mb4 */;
CREATE TABLE `auth_user` (
  `id` int NOT NULL AUTO_INCREMENT,
  `password` varchar(128) NOT NULL,
  `last_login` datetime(6) DEFAULT NULL,
  `is_superuser` tinyint(1) NOT NULL,
  `username` varchar(150) NOT NULL,
  `first_name` varchar(150) NOT NULL,
  `last_name` varchar(150) NOT NULL,
  `email` varchar(254) NOT NULL,
  `is_staff` tinyint(1) NOT NULL,
  `is_active` tinyint(1) NOT NULL,
  `date_joined` datetime(6) NOT NULL,
  PRIMARY KEY (`id`),
  UNIQUE KEY `username` (`username`)
) ENGINE=InnoDB DEFAULT CHARSET=utf8mb4 COLLATE=utf8mb4_0900_ai_ci;
/*!40101 SET character_set_client = @saved_cs_client */;

--
-- Dumping data for table `auth_user`
--

LOCK TABLES `auth_user` WRITE;
/*!40000 ALTER TABLE `auth_user` DISABLE KEYS */;
/*!40000 ALTER TABLE `auth_user` ENABLE KEYS */;
UNLOCK TABLES;

--
-- Table structure for table `auth_user_groups`
--

DROP TABLE IF EXISTS `auth_user_groups`;
/*!40101 SET @saved_cs_client     = @@character_set_client */;
/*!50503 SET character_set_client = utf8mb4 */;
CREATE TABLE `auth_user_groups` (
  `id` bigint NOT NULL AUTO_INCREMENT,
  `user_id` int NOT NULL,
  `group_id` int NOT NULL,
  PRIMARY KEY (`id`),
  UNIQUE KEY `auth_user_groups_user_id_group_id_94350c0c_uniq` (`user_id`,`group_id`),
  KEY `auth_user_groups_group_id_97559544_fk_auth_group_id` (`group_id`),
  CONSTRAINT `auth_user_groups_group_id_97559544_fk_auth_group_id` FOREIGN KEY (`group_id`) REFERENCES `auth_group` (`id`),
  CONSTRAINT `auth_user_groups_user_id_6a12ed8b_fk_auth_user_id` FOREIGN KEY (`user_id`) REFERENCES `auth_user` (`id`)
) ENGINE=InnoDB DEFAULT CHARSET=utf8mb4 COLLATE=utf8mb4_0900_ai_ci;
/*!40101 SET character_set_client = @saved_cs_client */;

--
-- Dumping data for table `auth_user_groups`
--

LOCK TABLES `auth_user_groups` WRITE;
/*!40000 ALTER TABLE `auth_user_groups` DISABLE KEYS */;
/*!40000 ALTER TABLE `auth_user_groups` ENABLE KEYS */;
UNLOCK TABLES;

--
-- Table structure for table `auth_user_user_permissions`
--

DROP TABLE IF EXISTS `auth_user_user_permissions`;
/*!40101 SET @saved_cs_client     = @@character_set_client */;
/*!50503 SET character_set_client = utf8mb4 */;
CREATE TABLE `auth_user_user_permissions` (
  `id` bigint NOT NULL AUTO_INCREMENT,
  `user_id` int NOT NULL,
  `permission_id` int NOT NULL,
  PRIMARY KEY (`id`),
  UNIQUE KEY `auth_user_user_permissions_user_id_permission_id_14a6b632_uniq` (`user_id`,`permission_id`),
  KEY `auth_user_user_permi_permission_id_1fbb5f2c_fk_auth_perm` (`permission_id`),
  CONSTRAINT `auth_user_user_permi_permission_id_1fbb5f2c_fk_auth_perm` FOREIGN KEY (`permission_id`) REFERENCES `auth_permission` (`id`),
  CONSTRAINT `auth_user_user_permissions_user_id_a95ead1b_fk_auth_user_id` FOREIGN KEY (`user_id`) REFERENCES `auth_user` (`id`)
) ENGINE=InnoDB DEFAULT CHARSET=utf8mb4 COLLATE=utf8mb4_0900_ai_ci;
/*!40101 SET character_set_client = @saved_cs_client */;

--
-- Dumping data for table `auth_user_user_permissions`
--

LOCK TABLES `auth_user_user_permissions` WRITE;
/*!40000 ALTER TABLE `auth_user_user_permissions` DISABLE KEYS */;
/*!40000 ALTER TABLE `auth_user_user_permissions` ENABLE KEYS */;
UNLOCK TABLES;

--
-- Table structure for table `django_admin_log`
--

DROP TABLE IF EXISTS `django_admin_log`;
/*!40101 SET @saved_cs_client     = @@character_set_client */;
/*!50503 SET character_set_client = utf8mb4 */;
CREATE TABLE `django_admin_log` (
  `id` int NOT NULL AUTO_INCREMENT,
  `action_time` datetime(6) NOT NULL,
  `object_id` longtext,
  `object_repr` varchar(200) NOT NULL,
  `action_flag` smallint unsigned NOT NULL,
  `change_message` longtext NOT NULL,
  `content_type_id` int DEFAULT NULL,
  `user_id` int NOT NULL,
  PRIMARY KEY (`id`),
  KEY `django_admin_log_content_type_id_c4bce8eb_fk_django_co` (`content_type_id`),
  KEY `django_admin_log_user_id_c564eba6_fk_auth_user_id` (`user_id`),
  CONSTRAINT `django_admin_log_content_type_id_c4bce8eb_fk_django_co` FOREIGN KEY (`content_type_id`) REFERENCES `django_content_type` (`id`),
  CONSTRAINT `django_admin_log_user_id_c564eba6_fk_auth_user_id` FOREIGN KEY (`user_id`) REFERENCES `auth_user` (`id`),
  CONSTRAINT `django_admin_log_chk_1` CHECK ((`action_flag` >= 0))
) ENGINE=InnoDB DEFAULT CHARSET=utf8mb4 COLLATE=utf8mb4_0900_ai_ci;
/*!40101 SET character_set_client = @saved_cs_client */;

--
-- Dumping data for table `django_admin_log`
--

LOCK TABLES `django_admin_log` WRITE;
/*!40000 ALTER TABLE `django_admin_log` DISABLE KEYS */;
/*!40000 ALTER TABLE `django_admin_log` ENABLE KEYS */;
UNLOCK TABLES;

--
-- Table structure for table `django_content_type`
--

DROP TABLE IF EXISTS `django_content_type`;
/*!40101 SET @saved_cs_client     = @@character_set_client */;
/*!50503 SET character_set_client = utf8mb4 */;
CREATE TABLE `django_content_type` (
  `id` int NOT NULL AUTO_INCREMENT,
  `app_label` varchar(100) NOT NULL,
  `model` varchar(100) NOT NULL,
  PRIMARY KEY (`id`),
  UNIQUE KEY `django_content_type_app_label_model_76bd3d3b_uniq` (`app_label`,`model`)
) ENGINE=InnoDB AUTO_INCREMENT=9 DEFAULT CHARSET=utf8mb4 COLLATE=utf8mb4_0900_ai_ci;
/*!40101 SET character_set_client = @saved_cs_client */;

--
-- Dumping data for table `django_content_type`
--

LOCK TABLES `django_content_type` WRITE;
/*!40000 ALTER TABLE `django_content_type` DISABLE KEYS */;
INSERT INTO `django_content_type` VALUES (3,'admin','logentry'),(5,'auth','group'),(4,'auth','permission'),(6,'auth','user'),(7,'contenttypes','contenttype'),(1,'index','file'),(2,'index','library'),(8,'sessions','session');
/*!40000 ALTER TABLE `django_content_type` ENABLE KEYS */;
UNLOCK TABLES;

--
-- Table structure for table `django_migrations`
--

DROP TABLE IF EXISTS `django_migrations`;
/*!40101 SET @saved_cs_client     = @@character_set_client */;
/*!50503 SET character_set_client = utf8mb4 */;
CREATE TABLE `django_migrations` (
  `id` bigint NOT NULL AUTO_INCREMENT,
  `app` varchar(255) NOT NULL,
  `name` varchar(255) NOT NULL,
  `applied` datetime(6) NOT NULL,
  PRIMARY KEY (`id`)
) ENGINE=InnoDB AUTO_INCREMENT=22 DEFAULT CHARSET=utf8mb4 COLLATE=utf8mb4_0900_ai_ci;
/*!40101 SET character_set_client = @saved_cs_client */;

--
-- Dumping data for table `django_migrations`
--

LOCK TABLES `django_migrations` WRITE;
/*!40000 ALTER TABLE `django_migrations` DISABLE KEYS */;
INSERT INTO `django_migrations` VALUES (1,'contenttypes','0001_initial','2022-11-04 06:30:35.807636'),(2,'auth','0001_initial','2022-11-04 06:30:35.967238'),(3,'admin','0001_initial','2022-11-04 06:30:36.018072'),(4,'admin','0002_logentry_remove_auto_add','2022-11-04 06:30:36.026728'),(5,'admin','0003_logentry_add_action_flag_choices','2022-11-04 06:30:36.036604'),(6,'contenttypes','0002_remove_content_type_name','2022-11-04 06:30:36.082899'),(7,'auth','0002_alter_permission_name_max_length','2022-11-04 06:30:36.113456'),(8,'auth','0003_alter_user_email_max_length','2022-11-04 06:30:36.133346'),(9,'auth','0004_alter_user_username_opts','2022-11-04 06:30:36.142056'),(10,'auth','0005_alter_user_last_login_null','2022-11-04 06:30:36.168056'),(11,'auth','0006_require_contenttypes_0002','2022-11-04 06:30:36.169922'),(12,'auth','0007_alter_validators_add_error_messages','2022-11-04 06:30:36.178137'),(13,'auth','0008_alter_user_username_max_length','2022-11-04 06:30:36.206786'),(14,'auth','0009_alter_user_last_name_max_length','2022-11-04 06:30:36.233318'),(15,'auth','0010_alter_group_name_max_length','2022-11-04 06:30:36.249319'),(16,'auth','0011_update_proxy_permissions','2022-11-04 06:30:36.259465'),(17,'auth','0012_alter_user_first_name_max_length','2022-11-04 06:30:36.284270'),(18,'index','0001_initial','2022-11-04 06:30:36.301871'),(19,'sessions','0001_initial','2022-11-04 06:30:36.316644'),(20,'index','0002_alter_file_datecreated','2022-11-04 06:31:07.067057'),(21,'index','0003_alter_file_datecreated','2022-11-04 20:46:37.883760');
/*!40000 ALTER TABLE `django_migrations` ENABLE KEYS */;
UNLOCK TABLES;

--
-- Table structure for table `django_session`
--

DROP TABLE IF EXISTS `django_session`;
/*!40101 SET @saved_cs_client     = @@character_set_client */;
/*!50503 SET character_set_client = utf8mb4 */;
CREATE TABLE `django_session` (
  `session_key` varchar(40) NOT NULL,
  `session_data` longtext NOT NULL,
  `expire_date` datetime(6) NOT NULL,
  PRIMARY KEY (`session_key`),
  KEY `django_session_expire_date_a5c62663` (`expire_date`)
) ENGINE=InnoDB DEFAULT CHARSET=utf8mb4 COLLATE=utf8mb4_0900_ai_ci;
/*!40101 SET character_set_client = @saved_cs_client */;

--
-- Dumping data for table `django_session`
--

LOCK TABLES `django_session` WRITE;
/*!40000 ALTER TABLE `django_session` DISABLE KEYS */;
/*!40000 ALTER TABLE `django_session` ENABLE KEYS */;
UNLOCK TABLES;

--
-- Table structure for table `index_file`
--

DROP TABLE IF EXISTS `index_file`;
/*!40101 SET @saved_cs_client     = @@character_set_client */;
/*!50503 SET character_set_client = utf8mb4 */;
CREATE TABLE `index_file` (
  `id` bigint NOT NULL AUTO_INCREMENT,
  `filename` varchar(128) NOT NULL,
  `path` varchar(1024) NOT NULL,
  `faceCount` int DEFAULT NULL,
  `dateCreated` datetime(6) DEFAULT NULL,
  PRIMARY KEY (`id`),
  UNIQUE KEY `filename` (`filename`)
) ENGINE=InnoDB AUTO_INCREMENT=1820 DEFAULT CHARSET=utf8mb4 COLLATE=utf8mb4_0900_ai_ci;
/*!40101 SET character_set_client = @saved_cs_client */;

--
-- Dumping data for table `index_file`
--

LOCK TABLES `index_file` WRITE;
/*!40000 ALTER TABLE `index_file` DISABLE KEYS */;
INSERT INTO `index_file` VALUES (1601,'100_3014_4139078951_o.jpg','/Users/andy/dev/fall2022/664/project/single_page_app/static/data/001/100_3014_4139078951_o.jpg',4,'2009-11-16 17:30:38.000000'),(1602,'100_3015_4139079729_o.jpg','/Users/andy/dev/fall2022/664/project/single_page_app/static/data/001/100_3015_4139079729_o.jpg',1,'2009-11-16 17:54:23.000000'),(1603,'100_3016_4139841220_o.jpg','/Users/andy/dev/fall2022/664/project/single_page_app/static/data/001/100_3016_4139841220_o.jpg',1,'2009-11-16 18:00:17.000000'),(1604,'100_3019_4139842452_o.jpg','/Users/andy/dev/fall2022/664/project/single_page_app/static/data/001/100_3019_4139842452_o.jpg',1,'2009-11-16 18:01:41.000000'),(1605,'100_3020_4139081725_o.jpg','/Users/andy/dev/fall2022/664/project/single_page_app/static/data/001/100_3020_4139081725_o.jpg',NULL,'2009-11-16 18:43:33.000000'),(1606,'100_3021_4139082081_o.jpg','/Users/andy/dev/fall2022/664/project/single_page_app/static/data/001/100_3021_4139082081_o.jpg',NULL,'2009-11-16 18:43:48.000000'),(1607,'100_3022_4139082373_o.jpg','/Users/andy/dev/fall2022/664/project/single_page_app/static/data/001/100_3022_4139082373_o.jpg',0,'2009-11-16 18:44:07.000000'),(1608,'100_3023_4139082831_o.jpg','/Users/andy/dev/fall2022/664/project/single_page_app/static/data/001/100_3023_4139082831_o.jpg',NULL,'2009-11-16 18:44:16.000000'),(1609,'100_3024_4139844218_o.jpg','/Users/andy/dev/fall2022/664/project/single_page_app/static/data/001/100_3024_4139844218_o.jpg',NULL,'2009-11-16 18:44:39.000000'),(1610,'100_3025_4139084213_o.jpg','/Users/andy/dev/fall2022/664/project/single_page_app/static/data/001/100_3025_4139084213_o.jpg',NULL,'2009-11-16 18:45:13.000000'),(1611,'100_3026_4139845628_o.jpg','/Users/andy/dev/fall2022/664/project/single_page_app/static/data/001/100_3026_4139845628_o.jpg',NULL,'2009-11-16 18:45:24.000000'),(1612,'100_3027_4139085439_o.jpg','/Users/andy/dev/fall2022/664/project/single_page_app/static/data/001/100_3027_4139085439_o.jpg',NULL,'2009-11-16 18:45:29.000000'),(1613,'100_3028_4139086369_o.jpg','/Users/andy/dev/fall2022/664/project/single_page_app/static/data/001/100_3028_4139086369_o.jpg',NULL,'2009-11-16 18:45:36.000000'),(1614,'100_3029_4139847550_o.jpg','/Users/andy/dev/fall2022/664/project/single_page_app/static/data/001/100_3029_4139847550_o.jpg',NULL,'2009-11-16 18:45:54.000000'),(1615,'100_3030_4139087147_o.jpg','/Users/andy/dev/fall2022/664/project/single_page_app/static/data/001/100_3030_4139087147_o.jpg',NULL,'2009-11-16 18:46:07.000000'),(1616,'intl-convention-100_4176218866_o.jpg','/Users/andy/dev/fall2022/664/project/single_page_app/static/data/001/intl-convention-100_4176218866_o.jpg',NULL,'2009-11-19 14:25:10.000000'),(1617,'intl-convention-101_4175458469_o.jpg','/Users/andy/dev/fall2022/664/project/single_page_app/static/data/001/intl-convention-101_4175458469_o.jpg',4,'2009-11-19 14:26:22.000000'),(1618,'intl-convention-102_4175458807_o.jpg','/Users/andy/dev/fall2022/664/project/single_page_app/static/data/001/intl-convention-102_4175458807_o.jpg',NULL,'2009-11-19 14:29:43.000000'),(1619,'intl-convention-103_4175459261_o.jpg','/Users/andy/dev/fall2022/664/project/single_page_app/static/data/001/intl-convention-103_4175459261_o.jpg',NULL,'2009-11-19 14:30:45.000000'),(1620,'intl-convention-104_4175459559_o.jpg','/Users/andy/dev/fall2022/664/project/single_page_app/static/data/001/intl-convention-104_4175459559_o.jpg',NULL,'2009-11-19 14:36:44.000000'),(1621,'intl-convention-105_4175459947_o.jpg','/Users/andy/dev/fall2022/664/project/single_page_app/static/data/001/intl-convention-105_4175459947_o.jpg',NULL,'2009-11-19 14:42:55.000000'),(1622,'intl-convention-106_4175460265_o.jpg','/Users/andy/dev/fall2022/664/project/single_page_app/static/data/001/intl-convention-106_4175460265_o.jpg',2,'2009-11-19 14:46:24.000000'),(1623,'intl-convention-107_4176221474_o.jpg','/Users/andy/dev/fall2022/664/project/single_page_app/static/data/001/intl-convention-107_4176221474_o.jpg',8,'2009-11-19 14:47:34.000000'),(1624,'intl-convention-108_4176221844_o.jpg','/Users/andy/dev/fall2022/664/project/single_page_app/static/data/001/intl-convention-108_4176221844_o.jpg',NULL,'2009-11-19 14:51:03.000000'),(1625,'intl-convention-109_4175461377_o.jpg','/Users/andy/dev/fall2022/664/project/single_page_app/static/data/001/intl-convention-109_4175461377_o.jpg',NULL,'2009-11-19 14:59:49.000000'),(1626,'intl-convention-110_4176222464_o.jpg','/Users/andy/dev/fall2022/664/project/single_page_app/static/data/001/intl-convention-110_4176222464_o.jpg',NULL,'2009-11-19 15:04:43.000000'),(1627,'intl-convention-111_4175462055_o.jpg','/Users/andy/dev/fall2022/664/project/single_page_app/static/data/001/intl-convention-111_4175462055_o.jpg',NULL,'2009-11-19 15:06:25.000000'),(1628,'intl-convention-112_4176223206_o.jpg','/Users/andy/dev/fall2022/664/project/single_page_app/static/data/001/intl-convention-112_4176223206_o.jpg',NULL,'2009-11-19 15:27:58.000000'),(1629,'intl-convention-113_4175462935_o.jpg','/Users/andy/dev/fall2022/664/project/single_page_app/static/data/001/intl-convention-113_4175462935_o.jpg',NULL,'2009-11-19 15:28:12.000000'),(1630,'intl-convention-114_4175463377_o.jpg','/Users/andy/dev/fall2022/664/project/single_page_app/static/data/001/intl-convention-114_4175463377_o.jpg',5,'2009-11-19 15:58:14.000000'),(1631,'intl-convention-115_4175463631_o.jpg','/Users/andy/dev/fall2022/664/project/single_page_app/static/data/001/intl-convention-115_4175463631_o.jpg',NULL,'2009-11-19 16:54:44.000000'),(1632,'intl-convention-116_4176224526_o.jpg','/Users/andy/dev/fall2022/664/project/single_page_app/static/data/001/intl-convention-116_4176224526_o.jpg',NULL,'2009-11-19 17:10:30.000000'),(1633,'intl-convention-117_4175463953_o.jpg','/Users/andy/dev/fall2022/664/project/single_page_app/static/data/001/intl-convention-117_4175463953_o.jpg',NULL,'2009-11-19 17:10:59.000000'),(1634,'intl-convention-118_4176224844_o.jpg','/Users/andy/dev/fall2022/664/project/single_page_app/static/data/001/intl-convention-118_4176224844_o.jpg',NULL,'2009-11-19 19:40:33.000000'),(1635,'intl-convention-119_4175464273_o.jpg','/Users/andy/dev/fall2022/664/project/single_page_app/static/data/001/intl-convention-119_4175464273_o.jpg',NULL,'2009-11-19 19:43:02.000000'),(1636,'intl-convention-120_4176225166_o.jpg','/Users/andy/dev/fall2022/664/project/single_page_app/static/data/001/intl-convention-120_4176225166_o.jpg',NULL,'2009-11-19 19:48:36.000000'),(1637,'intl-convention-121_4176225514_o.jpg','/Users/andy/dev/fall2022/664/project/single_page_app/static/data/001/intl-convention-121_4176225514_o.jpg',NULL,'2009-11-20 13:14:05.000000'),(1638,'intl-convention-122_4176225860_o.jpg','/Users/andy/dev/fall2022/664/project/single_page_app/static/data/001/intl-convention-122_4176225860_o.jpg',NULL,'2009-11-20 13:14:24.000000'),(1639,'intl-convention-123_4175465431_o.jpg','/Users/andy/dev/fall2022/664/project/single_page_app/static/data/001/intl-convention-123_4175465431_o.jpg',NULL,'2009-11-20 13:15:33.000000'),(1640,'intl-convention-124_4176226418_o.jpg','/Users/andy/dev/fall2022/664/project/single_page_app/static/data/001/intl-convention-124_4176226418_o.jpg',NULL,'2009-11-20 13:15:53.000000'),(1641,'intl-convention-126_4176226636_o.jpg','/Users/andy/dev/fall2022/664/project/single_page_app/static/data/001/intl-convention-126_4176226636_o.jpg',NULL,'2009-11-20 14:10:40.000000'),(1642,'intl-convention-131_4175466161_o.jpg','/Users/andy/dev/fall2022/664/project/single_page_app/static/data/001/intl-convention-131_4175466161_o.jpg',NULL,'2009-11-20 17:44:18.000000'),(1643,'intl-convention-132_4175466393_o.jpg','/Users/andy/dev/fall2022/664/project/single_page_app/static/data/001/intl-convention-132_4175466393_o.jpg',NULL,'2009-11-20 17:44:33.000000'),(1644,'intl-convention-135_4176227150_o.jpg','/Users/andy/dev/fall2022/664/project/single_page_app/static/data/001/intl-convention-135_4176227150_o.jpg',5,'2009-11-20 21:14:16.000000'),(1645,'intl-convention-148_4175466971_o.jpg','/Users/andy/dev/fall2022/664/project/single_page_app/static/data/001/intl-convention-148_4175466971_o.jpg',NULL,'2009-11-22 00:00:18.000000'),(1646,'intl-convention-150_4175467141_o.jpg','/Users/andy/dev/fall2022/664/project/single_page_app/static/data/001/intl-convention-150_4175467141_o.jpg',NULL,'2009-11-22 00:48:11.000000'),(1647,'intl-convention-151_4176227876_o.jpg','/Users/andy/dev/fall2022/664/project/single_page_app/static/data/001/intl-convention-151_4176227876_o.jpg',NULL,'2009-11-22 00:48:18.000000'),(1648,'intl-convention-152_4176228162_o.jpg','/Users/andy/dev/fall2022/664/project/single_page_app/static/data/001/intl-convention-152_4176228162_o.jpg',NULL,'2009-11-22 00:48:27.000000'),(1649,'intl-convention-153_4176228564_o.jpg','/Users/andy/dev/fall2022/664/project/single_page_app/static/data/001/intl-convention-153_4176228564_o.jpg',NULL,'2009-11-22 00:48:47.000000'),(1650,'intl-convention-154_4176228850_o.jpg','/Users/andy/dev/fall2022/664/project/single_page_app/static/data/001/intl-convention-154_4176228850_o.jpg',NULL,'2009-11-22 00:48:54.000000'),(1651,'intl-convention-155_4175468529_o.jpg','/Users/andy/dev/fall2022/664/project/single_page_app/static/data/001/intl-convention-155_4175468529_o.jpg',NULL,'2009-11-22 00:49:00.000000'),(1652,'intl-convention-156_4175468903_o.jpg','/Users/andy/dev/fall2022/664/project/single_page_app/static/data/001/intl-convention-156_4175468903_o.jpg',NULL,'2009-11-22 00:49:06.000000'),(1653,'intl-convention-157_4176229864_o.jpg','/Users/andy/dev/fall2022/664/project/single_page_app/static/data/001/intl-convention-157_4176229864_o.jpg',NULL,'2009-11-22 00:52:26.000000'),(1654,'intl-convention-158_4176230090_o.jpg','/Users/andy/dev/fall2022/664/project/single_page_app/static/data/001/intl-convention-158_4176230090_o.jpg',NULL,'2009-11-22 00:52:36.000000'),(1655,'intl-convention-159_4176230340_o.jpg','/Users/andy/dev/fall2022/664/project/single_page_app/static/data/001/intl-convention-159_4176230340_o.jpg',NULL,'2009-11-22 00:56:46.000000'),(1656,'intl-convention-178_4176230702_o.jpg','/Users/andy/dev/fall2022/664/project/single_page_app/static/data/001/intl-convention-178_4176230702_o.jpg',NULL,'2009-11-22 05:08:51.000000'),(1657,'intl-convention-181_4176230962_o.jpg','/Users/andy/dev/fall2022/664/project/single_page_app/static/data/001/intl-convention-181_4176230962_o.jpg',NULL,'2009-11-22 05:09:31.000000'),(1658,'intl-convention-198_4176231116_o.jpg','/Users/andy/dev/fall2022/664/project/single_page_app/static/data/001/intl-convention-198_4176231116_o.jpg',NULL,'2009-11-22 08:16:05.000000'),(1659,'intl-convention-199_4175470587_o.jpg','/Users/andy/dev/fall2022/664/project/single_page_app/static/data/001/intl-convention-199_4175470587_o.jpg',NULL,'2009-11-22 08:16:11.000000'),(1660,'intl-convention-201_4176231592_o.jpg','/Users/andy/dev/fall2022/664/project/single_page_app/static/data/001/intl-convention-201_4176231592_o.jpg',NULL,'2009-11-22 08:17:28.000000'),(1661,'intl-convention-202_4176231874_o.jpg','/Users/andy/dev/fall2022/664/project/single_page_app/static/data/001/intl-convention-202_4176231874_o.jpg',NULL,'2009-11-22 08:17:36.000000'),(1662,'intl-convention-203_4175471513_o.jpg','/Users/andy/dev/fall2022/664/project/single_page_app/static/data/001/intl-convention-203_4175471513_o.jpg',NULL,'2009-11-22 08:18:06.000000'),(1663,'intl-convention-204_4175471907_o.jpg','/Users/andy/dev/fall2022/664/project/single_page_app/static/data/001/intl-convention-204_4175471907_o.jpg',NULL,'2009-11-22 08:18:24.000000'),(1664,'intl-convention-213_4175472131_o.jpg','/Users/andy/dev/fall2022/664/project/single_page_app/static/data/001/intl-convention-213_4175472131_o.jpg',NULL,'2009-11-22 08:54:33.000000'),(1665,'intl-convention-215_4176233048_o.jpg','/Users/andy/dev/fall2022/664/project/single_page_app/static/data/001/intl-convention-215_4176233048_o.jpg',NULL,'2009-11-22 09:03:33.000000'),(1666,'intl-convention-29_4175444091_o.jpg','/Users/andy/dev/fall2022/664/project/single_page_app/static/data/001/intl-convention-29_4175444091_o.jpg',NULL,'2009-11-17 16:42:37.000000'),(1667,'intl-convention-32_4176206136_o.jpg','/Users/andy/dev/fall2022/664/project/single_page_app/static/data/001/intl-convention-32_4176206136_o.jpg',NULL,'2009-11-17 17:56:34.000000'),(1668,'intl-convention-33_4175446199_o.jpg','/Users/andy/dev/fall2022/664/project/single_page_app/static/data/001/intl-convention-33_4175446199_o.jpg',NULL,'2009-11-17 17:57:19.000000'),(1669,'intl-convention-34_4176207786_o.jpg','/Users/andy/dev/fall2022/664/project/single_page_app/static/data/001/intl-convention-34_4176207786_o.jpg',NULL,'2009-11-17 17:57:40.000000'),(1670,'intl-convention-36_4176198572_o.jpg','/Users/andy/dev/fall2022/664/project/single_page_app/static/data/001/intl-convention-36_4176198572_o.jpg',NULL,'2009-11-17 18:03:19.000000'),(1671,'intl-convention-41_4176198760_o.jpg','/Users/andy/dev/fall2022/664/project/single_page_app/static/data/001/intl-convention-41_4176198760_o.jpg',NULL,'2009-11-17 18:08:17.000000'),(1672,'intl-convention-42_4175438385_o.jpg','/Users/andy/dev/fall2022/664/project/single_page_app/static/data/001/intl-convention-42_4175438385_o.jpg',NULL,'2009-11-17 18:08:29.000000'),(1673,'intl-convention-43_4176199378_o.jpg','/Users/andy/dev/fall2022/664/project/single_page_app/static/data/001/intl-convention-43_4176199378_o.jpg',NULL,'2009-11-17 18:08:39.000000'),(1674,'intl-convention-44_4176199612_o.jpg','/Users/andy/dev/fall2022/664/project/single_page_app/static/data/001/intl-convention-44_4176199612_o.jpg',NULL,'2009-11-17 18:08:48.000000'),(1675,'intl-convention-45_4175439129_o.jpg','/Users/andy/dev/fall2022/664/project/single_page_app/static/data/001/intl-convention-45_4175439129_o.jpg',NULL,'2009-11-17 18:09:02.000000'),(1676,'intl-convention-46_4176200030_o.jpg','/Users/andy/dev/fall2022/664/project/single_page_app/static/data/001/intl-convention-46_4176200030_o.jpg',NULL,'2009-11-17 18:09:38.000000'),(1677,'intl-convention-47_4176200256_o.jpg','/Users/andy/dev/fall2022/664/project/single_page_app/static/data/001/intl-convention-47_4176200256_o.jpg',NULL,'2009-11-17 18:09:46.000000'),(1678,'intl-convention-48_4175439795_o.jpg','/Users/andy/dev/fall2022/664/project/single_page_app/static/data/001/intl-convention-48_4175439795_o.jpg',NULL,'2009-11-17 18:10:05.000000'),(1679,'intl-convention-49_4175440009_o.jpg','/Users/andy/dev/fall2022/664/project/single_page_app/static/data/001/intl-convention-49_4175440009_o.jpg',NULL,'2009-11-17 18:10:12.000000'),(1680,'intl-convention-50_4176200888_o.jpg','/Users/andy/dev/fall2022/664/project/single_page_app/static/data/001/intl-convention-50_4176200888_o.jpg',NULL,'2009-11-17 18:10:22.000000'),(1681,'intl-convention-51_4176201114_o.jpg','/Users/andy/dev/fall2022/664/project/single_page_app/static/data/001/intl-convention-51_4176201114_o.jpg',NULL,'2009-11-17 18:10:32.000000'),(1682,'intl-convention-52_4175440593_o.jpg','/Users/andy/dev/fall2022/664/project/single_page_app/static/data/001/intl-convention-52_4175440593_o.jpg',NULL,'2009-11-17 18:12:06.000000'),(1683,'intl-convention-53_4175440835_o.jpg','/Users/andy/dev/fall2022/664/project/single_page_app/static/data/001/intl-convention-53_4175440835_o.jpg',NULL,'2009-11-17 18:14:40.000000'),(1684,'intl-convention-54_4175441131_o.jpg','/Users/andy/dev/fall2022/664/project/single_page_app/static/data/001/intl-convention-54_4175441131_o.jpg',NULL,'2009-11-17 18:14:46.000000'),(1685,'intl-convention-55_4175441575_o.jpg','/Users/andy/dev/fall2022/664/project/single_page_app/static/data/001/intl-convention-55_4175441575_o.jpg',NULL,'2009-11-17 18:16:53.000000'),(1686,'intl-convention-56_4175442057_o.jpg','/Users/andy/dev/fall2022/664/project/single_page_app/static/data/001/intl-convention-56_4175442057_o.jpg',NULL,'2009-11-17 18:17:05.000000'),(1687,'intl-convention-57_4176203116_o.jpg','/Users/andy/dev/fall2022/664/project/single_page_app/static/data/001/intl-convention-57_4176203116_o.jpg',NULL,'2009-11-17 18:26:15.000000'),(1688,'intl-convention-58_4176203480_o.jpg','/Users/andy/dev/fall2022/664/project/single_page_app/static/data/001/intl-convention-58_4176203480_o.jpg',NULL,'2009-11-17 18:27:31.000000'),(1689,'intl-convention-59_4175443027_o.jpg','/Users/andy/dev/fall2022/664/project/single_page_app/static/data/001/intl-convention-59_4175443027_o.jpg',NULL,'2009-11-17 18:27:44.000000'),(1690,'intl-convention-60_4175443281_o.jpg','/Users/andy/dev/fall2022/664/project/single_page_app/static/data/001/intl-convention-60_4175443281_o.jpg',NULL,'2009-11-17 18:28:16.000000'),(1691,'intl-convention-61_4176204264_o.jpg','/Users/andy/dev/fall2022/664/project/single_page_app/static/data/001/intl-convention-61_4176204264_o.jpg',NULL,'2009-11-17 18:28:31.000000'),(1692,'intl-convention-62_4175443767_o.jpg','/Users/andy/dev/fall2022/664/project/single_page_app/static/data/001/intl-convention-62_4175443767_o.jpg',NULL,'2009-11-17 18:34:32.000000'),(1693,'intl-convention-63_4176205176_o.jpg','/Users/andy/dev/fall2022/664/project/single_page_app/static/data/001/intl-convention-63_4176205176_o.jpg',NULL,'2009-11-17 18:44:04.000000'),(1694,'intl-convention-64_4175444925_o.jpg','/Users/andy/dev/fall2022/664/project/single_page_app/static/data/001/intl-convention-64_4175444925_o.jpg',NULL,'2009-11-17 18:44:32.000000'),(1695,'intl-convention-65_4176206478_o.jpg','/Users/andy/dev/fall2022/664/project/single_page_app/static/data/001/intl-convention-65_4176206478_o.jpg',NULL,'2009-11-17 18:47:03.000000'),(1696,'intl-convention-66_4175446441_o.jpg','/Users/andy/dev/fall2022/664/project/single_page_app/static/data/001/intl-convention-66_4175446441_o.jpg',NULL,'2009-11-17 18:48:47.000000'),(1697,'intl-convention-67_4176208030_o.jpg','/Users/andy/dev/fall2022/664/project/single_page_app/static/data/001/intl-convention-67_4176208030_o.jpg',NULL,'2009-11-17 18:52:27.000000'),(1698,'intl-convention-68_4175447479_o.jpg','/Users/andy/dev/fall2022/664/project/single_page_app/static/data/001/intl-convention-68_4175447479_o.jpg',NULL,'2009-11-17 18:52:57.000000'),(1699,'intl-convention-69_4175447805_o.jpg','/Users/andy/dev/fall2022/664/project/single_page_app/static/data/001/intl-convention-69_4175447805_o.jpg',NULL,'2009-11-17 18:53:41.000000'),(1700,'intl-convention-70_4175448551_o.jpg','/Users/andy/dev/fall2022/664/project/single_page_app/static/data/001/intl-convention-70_4175448551_o.jpg',NULL,'2009-11-17 18:55:38.000000'),(1701,'intl-convention-71_4175449017_o.jpg','/Users/andy/dev/fall2022/664/project/single_page_app/static/data/001/intl-convention-71_4175449017_o.jpg',NULL,'2009-11-17 18:58:54.000000'),(1702,'intl-convention-72_4176210144_o.jpg','/Users/andy/dev/fall2022/664/project/single_page_app/static/data/001/intl-convention-72_4176210144_o.jpg',NULL,'2009-11-17 19:33:23.000000'),(1703,'intl-convention-73_4176210448_o.jpg','/Users/andy/dev/fall2022/664/project/single_page_app/static/data/001/intl-convention-73_4176210448_o.jpg',NULL,'2009-11-17 19:35:51.000000'),(1704,'intl-convention-74_4176210814_o.jpg','/Users/andy/dev/fall2022/664/project/single_page_app/static/data/001/intl-convention-74_4176210814_o.jpg',NULL,'2009-11-17 19:55:12.000000'),(1705,'intl-convention-75_4176211076_o.jpg','/Users/andy/dev/fall2022/664/project/single_page_app/static/data/001/intl-convention-75_4176211076_o.jpg',NULL,'2009-11-17 19:55:21.000000'),(1706,'intl-convention-76_4175450457_o.jpg','/Users/andy/dev/fall2022/664/project/single_page_app/static/data/001/intl-convention-76_4175450457_o.jpg',NULL,'2009-11-17 19:59:18.000000'),(1707,'intl-convention-77_4175450799_o.jpg','/Users/andy/dev/fall2022/664/project/single_page_app/static/data/001/intl-convention-77_4175450799_o.jpg',NULL,'2009-11-17 20:00:39.000000'),(1708,'intl-convention-78_4175451113_o.jpg','/Users/andy/dev/fall2022/664/project/single_page_app/static/data/001/intl-convention-78_4175451113_o.jpg',NULL,'2009-11-17 20:00:49.000000'),(1709,'intl-convention-79_4175451443_o.jpg','/Users/andy/dev/fall2022/664/project/single_page_app/static/data/001/intl-convention-79_4175451443_o.jpg',NULL,'2009-11-17 20:00:53.000000'),(1710,'intl-convention-80_4176212508_o.jpg','/Users/andy/dev/fall2022/664/project/single_page_app/static/data/001/intl-convention-80_4176212508_o.jpg',NULL,'2009-11-17 20:03:03.000000'),(1711,'intl-convention-81_4175451979_o.jpg','/Users/andy/dev/fall2022/664/project/single_page_app/static/data/001/intl-convention-81_4175451979_o.jpg',NULL,'2009-11-17 20:03:08.000000'),(1712,'intl-convention-82_4176213094_o.jpg','/Users/andy/dev/fall2022/664/project/single_page_app/static/data/001/intl-convention-82_4176213094_o.jpg',NULL,'2009-11-17 20:04:58.000000'),(1713,'intl-convention-83_4176213556_o.jpg','/Users/andy/dev/fall2022/664/project/single_page_app/static/data/001/intl-convention-83_4176213556_o.jpg',NULL,'2009-11-17 20:05:24.000000'),(1714,'intl-convention-87_4175452995_o.jpg','/Users/andy/dev/fall2022/664/project/single_page_app/static/data/001/intl-convention-87_4175452995_o.jpg',NULL,'2009-11-19 14:05:08.000000'),(1715,'intl-convention-88_4176214212_o.jpg','/Users/andy/dev/fall2022/664/project/single_page_app/static/data/001/intl-convention-88_4176214212_o.jpg',NULL,'2009-11-19 14:05:39.000000'),(1716,'intl-convention-89_4176214484_o.jpg','/Users/andy/dev/fall2022/664/project/single_page_app/static/data/001/intl-convention-89_4176214484_o.jpg',NULL,'2009-11-19 14:05:57.000000'),(1717,'intl-convention-90_4175454029_o.jpg','/Users/andy/dev/fall2022/664/project/single_page_app/static/data/001/intl-convention-90_4175454029_o.jpg',NULL,'2009-11-19 14:06:40.000000'),(1718,'intl-convention-91_4175454419_o.jpg','/Users/andy/dev/fall2022/664/project/single_page_app/static/data/001/intl-convention-91_4175454419_o.jpg',NULL,'2009-11-19 14:07:16.000000'),(1719,'intl-convention-92_4176215726_o.jpg','/Users/andy/dev/fall2022/664/project/single_page_app/static/data/001/intl-convention-92_4176215726_o.jpg',NULL,'2009-11-19 14:08:05.000000'),(1720,'intl-convention-93_4175455123_o.jpg','/Users/andy/dev/fall2022/664/project/single_page_app/static/data/001/intl-convention-93_4175455123_o.jpg',NULL,'2009-11-19 14:09:29.000000'),(1721,'intl-convention-94_4176216330_o.jpg','/Users/andy/dev/fall2022/664/project/single_page_app/static/data/001/intl-convention-94_4176216330_o.jpg',NULL,'2009-11-19 14:17:09.000000'),(1722,'intl-convention-95_4175455825_o.jpg','/Users/andy/dev/fall2022/664/project/single_page_app/static/data/001/intl-convention-95_4175455825_o.jpg',NULL,'2009-11-19 14:19:44.000000'),(1723,'intl-convention-96_4175456239_o.jpg','/Users/andy/dev/fall2022/664/project/single_page_app/static/data/001/intl-convention-96_4175456239_o.jpg',NULL,'2009-11-19 14:19:50.000000'),(1724,'intl-convention-97_4176217454_o.jpg','/Users/andy/dev/fall2022/664/project/single_page_app/static/data/001/intl-convention-97_4176217454_o.jpg',NULL,'2009-11-19 14:20:44.000000'),(1725,'intl-convention-98_4175456993_o.jpg','/Users/andy/dev/fall2022/664/project/single_page_app/static/data/001/intl-convention-98_4175456993_o.jpg',NULL,'2009-11-19 14:22:16.000000'),(1726,'intl-convention-99_4176218284_o.jpg','/Users/andy/dev/fall2022/664/project/single_page_app/static/data/001/intl-convention-99_4176218284_o.jpg',NULL,'2009-11-19 14:25:03.000000'),(1727,'vacationalbum---carroll--cooper-photo-archival-vs-soco-023-1_48223140567_o.jpg','/Users/andy/dev/fall2022/664/project/single_page_app/static/data/001/vacationalbum---carroll--cooper-photo-archival-vs-soco-023-1_48223140567_o.jpg',NULL,'2019-06-30 12:40:14.000000'),(1728,'vacationalbum---carroll--cooper-photo-archival-vs-soco-023-2_48223137427_o.jpg','/Users/andy/dev/fall2022/664/project/single_page_app/static/data/001/vacationalbum---carroll--cooper-photo-archival-vs-soco-023-2_48223137427_o.jpg',NULL,'2019-06-30 12:40:14.000000'),(1729,'vacationalbum---carroll--cooper-photo-archival-vs-soco-023_48223078736_o.jpg','/Users/andy/dev/fall2022/664/project/single_page_app/static/data/001/vacationalbum---carroll--cooper-photo-archival-vs-soco-023_48223078736_o.jpg',NULL,'2019-06-30 12:40:14.000000'),(1730,'vacationalbum---carroll--cooper-photo-archival-vs-soco-024-1_48223133197_o.jpg','/Users/andy/dev/fall2022/664/project/single_page_app/static/data/001/vacationalbum---carroll--cooper-photo-archival-vs-soco-024-1_48223133197_o.jpg',NULL,'2019-06-30 12:44:00.000000'),(1731,'vacationalbum---carroll--cooper-photo-archival-vs-soco-024-2_48223074426_o.jpg','/Users/andy/dev/fall2022/664/project/single_page_app/static/data/001/vacationalbum---carroll--cooper-photo-archival-vs-soco-024-2_48223074426_o.jpg',NULL,'2019-06-30 12:44:00.000000'),(1732,'vacationalbum---carroll--cooper-photo-archival-vs-soco-024_48223128532_o.jpg','/Users/andy/dev/fall2022/664/project/single_page_app/static/data/001/vacationalbum---carroll--cooper-photo-archival-vs-soco-024_48223128532_o.jpg',NULL,'2019-06-30 12:44:00.000000'),(1733,'vacationalbum---carroll--cooper-photo-archival-vs-soco-025-1_48223125827_o.jpg','/Users/andy/dev/fall2022/664/project/single_page_app/static/data/001/vacationalbum---carroll--cooper-photo-archival-vs-soco-025-1_48223125827_o.jpg',NULL,'2019-06-30 13:02:28.000000'),(1734,'vacationalbum---carroll--cooper-photo-archival-vs-soco-025-2_48223066626_o.jpg','/Users/andy/dev/fall2022/664/project/single_page_app/static/data/001/vacationalbum---carroll--cooper-photo-archival-vs-soco-025-2_48223066626_o.jpg',NULL,'2019-06-30 13:02:28.000000'),(1735,'vacationalbum---carroll--cooper-photo-archival-vs-soco-025-3_48223120772_o.jpg','/Users/andy/dev/fall2022/664/project/single_page_app/static/data/001/vacationalbum---carroll--cooper-photo-archival-vs-soco-025-3_48223120772_o.jpg',NULL,'2019-06-30 13:02:28.000000'),(1736,'vacationalbum---carroll--cooper-photo-archival-vs-soco-025_48223117197_o.jpg','/Users/andy/dev/fall2022/664/project/single_page_app/static/data/001/vacationalbum---carroll--cooper-photo-archival-vs-soco-025_48223117197_o.jpg',NULL,'2019-06-30 13:02:28.000000'),(1737,'vacationalbum---carroll--cooper-photo-archival-vs-soco-026-1_48223113447_o.jpg','/Users/andy/dev/fall2022/664/project/single_page_app/static/data/001/vacationalbum---carroll--cooper-photo-archival-vs-soco-026-1_48223113447_o.jpg',NULL,'2019-06-30 13:07:58.000000'),(1738,'vacationalbum---carroll--cooper-photo-archival-vs-soco-026-2_48223053536_o.jpg','/Users/andy/dev/fall2022/664/project/single_page_app/static/data/001/vacationalbum---carroll--cooper-photo-archival-vs-soco-026-2_48223053536_o.jpg',NULL,'2019-06-30 13:07:58.000000'),(1739,'vacationalbum---carroll--cooper-photo-archival-vs-soco-026-3_48223050311_o.jpg','/Users/andy/dev/fall2022/664/project/single_page_app/static/data/001/vacationalbum---carroll--cooper-photo-archival-vs-soco-026-3_48223050311_o.jpg',NULL,'2019-06-30 13:07:58.000000'),(1740,'vacationalbum---carroll--cooper-photo-archival-vs-soco-026_48223104687_o.jpg','/Users/andy/dev/fall2022/664/project/single_page_app/static/data/001/vacationalbum---carroll--cooper-photo-archival-vs-soco-026_48223104687_o.jpg',NULL,'2019-06-30 13:07:58.000000'),(1741,'vacationalbum---carroll--cooper-photo-archival-vs-soco-027-1_48223101887_o.jpg','/Users/andy/dev/fall2022/664/project/single_page_app/static/data/001/vacationalbum---carroll--cooper-photo-archival-vs-soco-027-1_48223101887_o.jpg',NULL,'2019-06-30 13:12:16.000000'),(1742,'vacationalbum---carroll--cooper-photo-archival-vs-soco-027-2_48223042601_o.jpg','/Users/andy/dev/fall2022/664/project/single_page_app/static/data/001/vacationalbum---carroll--cooper-photo-archival-vs-soco-027-2_48223042601_o.jpg',NULL,'2019-06-30 13:12:16.000000'),(1743,'vacationalbum---carroll--cooper-photo-archival-vs-soco-027-3_48223040411_o.jpg','/Users/andy/dev/fall2022/664/project/single_page_app/static/data/001/vacationalbum---carroll--cooper-photo-archival-vs-soco-027-3_48223040411_o.jpg',NULL,'2019-06-30 13:12:16.000000'),(1744,'vacationalbum---carroll--cooper-photo-archival-vs-soco-027_48223038296_o.jpg','/Users/andy/dev/fall2022/664/project/single_page_app/static/data/001/vacationalbum---carroll--cooper-photo-archival-vs-soco-027_48223038296_o.jpg',NULL,'2019-06-30 13:12:16.000000'),(1745,'vacationalbum---carroll--cooper-photo-archival-vs-soco-028-1_48223092852_o.jpg','/Users/andy/dev/fall2022/664/project/single_page_app/static/data/001/vacationalbum---carroll--cooper-photo-archival-vs-soco-028-1_48223092852_o.jpg',NULL,'2019-06-30 13:16:24.000000'),(1746,'vacationalbum---carroll--cooper-photo-archival-vs-soco-028_48223034371_o.jpg','/Users/andy/dev/fall2022/664/project/single_page_app/static/data/001/vacationalbum---carroll--cooper-photo-archival-vs-soco-028_48223034371_o.jpg',NULL,'2019-06-30 13:16:24.000000'),(1747,'vacationalbum---carroll--cooper-photo-archival-vs-soco-029-1_48223032156_o.jpg','/Users/andy/dev/fall2022/664/project/single_page_app/static/data/001/vacationalbum---carroll--cooper-photo-archival-vs-soco-029-1_48223032156_o.jpg',NULL,'2019-07-04 09:44:56.000000'),(1748,'vacationalbum---carroll--cooper-photo-archival-vs-soco-029-2_48223028821_o.jpg','/Users/andy/dev/fall2022/664/project/single_page_app/static/data/001/vacationalbum---carroll--cooper-photo-archival-vs-soco-029-2_48223028821_o.jpg',NULL,'2019-07-04 09:44:56.000000'),(1749,'vacationalbum---carroll--cooper-photo-archival-vs-soco-029-3_48223026301_o.jpg','/Users/andy/dev/fall2022/664/project/single_page_app/static/data/001/vacationalbum---carroll--cooper-photo-archival-vs-soco-029-3_48223026301_o.jpg',NULL,'2019-07-04 09:44:56.000000'),(1750,'vacationalbum---carroll--cooper-photo-archival-vs-soco-029_48223023781_o.jpg','/Users/andy/dev/fall2022/664/project/single_page_app/static/data/001/vacationalbum---carroll--cooper-photo-archival-vs-soco-029_48223023781_o.jpg',NULL,'2019-07-04 09:44:56.000000'),(1751,'vacationalbum---carroll--cooper-photo-archival-vs-soco-030-1_48223020756_o.jpg','/Users/andy/dev/fall2022/664/project/single_page_app/static/data/001/vacationalbum---carroll--cooper-photo-archival-vs-soco-030-1_48223020756_o.jpg',NULL,'2019-07-04 09:50:02.000000'),(1752,'vacationalbum---carroll--cooper-photo-archival-vs-soco-030-2_48223018051_o.jpg','/Users/andy/dev/fall2022/664/project/single_page_app/static/data/001/vacationalbum---carroll--cooper-photo-archival-vs-soco-030-2_48223018051_o.jpg',NULL,'2019-07-04 09:50:02.000000'),(1753,'vacationalbum---carroll--cooper-photo-archival-vs-soco-030-3_48223070942_o.jpg','/Users/andy/dev/fall2022/664/project/single_page_app/static/data/001/vacationalbum---carroll--cooper-photo-archival-vs-soco-030-3_48223070942_o.jpg',NULL,'2019-07-04 09:50:02.000000'),(1754,'vacationalbum---carroll--cooper-photo-archival-vs-soco-030_48223012236_o.jpg','/Users/andy/dev/fall2022/664/project/single_page_app/static/data/001/vacationalbum---carroll--cooper-photo-archival-vs-soco-030_48223012236_o.jpg',NULL,'2019-07-04 09:50:02.000000'),(1755,'vacationalbum---carroll--cooper-photo-archival-vs-soco-031-1_48223010171_o.jpg','/Users/andy/dev/fall2022/664/project/single_page_app/static/data/001/vacationalbum---carroll--cooper-photo-archival-vs-soco-031-1_48223010171_o.jpg',NULL,'2019-07-04 09:55:28.000000'),(1756,'vacationalbum---carroll--cooper-photo-archival-vs-soco-031-2_48223063777_o.jpg','/Users/andy/dev/fall2022/664/project/single_page_app/static/data/001/vacationalbum---carroll--cooper-photo-archival-vs-soco-031-2_48223063777_o.jpg',NULL,'2019-07-04 09:55:28.000000'),(1757,'vacationalbum---carroll--cooper-photo-archival-vs-soco-031_48223061177_o.jpg','/Users/andy/dev/fall2022/664/project/single_page_app/static/data/001/vacationalbum---carroll--cooper-photo-archival-vs-soco-031_48223061177_o.jpg',NULL,'2019-07-04 09:55:28.000000'),(1758,'venice-beach-2022_52095619642_o.jpg','/Users/andy/dev/fall2022/664/project/single_page_app/static/data/001/venice-beach-2022_52095619642_o.jpg',NULL,'2022-05-23 02:25:20.000000'),(1759,'venice-beach-2022_52095619677_o.jpg','/Users/andy/dev/fall2022/664/project/single_page_app/static/data/001/venice-beach-2022_52095619677_o.jpg',NULL,'2022-05-23 02:25:24.000000'),(1760,'venice-beach-2022_52095619692_o.jpg','/Users/andy/dev/fall2022/664/project/single_page_app/static/data/001/venice-beach-2022_52095619692_o.jpg',NULL,'2022-05-23 02:25:19.000000'),(1761,'venice-beach-2022_52095620067_o.jpg','/Users/andy/dev/fall2022/664/project/single_page_app/static/data/001/venice-beach-2022_52095620067_o.jpg',NULL,'2022-05-23 02:25:14.000000'),(1762,'venice-beach-2022_52095620357_o.jpg','/Users/andy/dev/fall2022/664/project/single_page_app/static/data/001/venice-beach-2022_52095620357_o.jpg',NULL,'2022-05-23 02:17:47.000000'),(1763,'venice-beach-2022_52095621037_o.jpg','/Users/andy/dev/fall2022/664/project/single_page_app/static/data/001/venice-beach-2022_52095621037_o.jpg',NULL,'2022-05-23 02:16:56.000000'),(1764,'venice-beach-2022_52095621072_o.jpg','/Users/andy/dev/fall2022/664/project/single_page_app/static/data/001/venice-beach-2022_52095621072_o.jpg',NULL,'2022-05-23 02:16:56.000000'),(1765,'venice-beach-2022_52095621267_o.jpg','/Users/andy/dev/fall2022/664/project/single_page_app/static/data/001/venice-beach-2022_52095621267_o.jpg',NULL,'2022-05-23 02:16:23.000000'),(1766,'venice-beach-2022_52095623522_o.jpg','/Users/andy/dev/fall2022/664/project/single_page_app/static/data/001/venice-beach-2022_52095623522_o.jpg',NULL,'2022-05-23 01:46:43.000000'),(1767,'venice-beach-2022_52095624062_o.jpg','/Users/andy/dev/fall2022/664/project/single_page_app/static/data/001/venice-beach-2022_52095624062_o.jpg',NULL,'2022-05-23 01:43:32.000000'),(1768,'venice-beach-2022_52095624112_o.jpg','/Users/andy/dev/fall2022/664/project/single_page_app/static/data/001/venice-beach-2022_52095624112_o.jpg',NULL,'2022-05-23 01:40:51.000000'),(1769,'venice-beach-2022_52095625017_o.jpg','/Users/andy/dev/fall2022/664/project/single_page_app/static/data/001/venice-beach-2022_52095625017_o.jpg',NULL,'2022-05-23 01:26:24.000000'),(1770,'venice-beach-2022_52096643026_o.jpg','/Users/andy/dev/fall2022/664/project/single_page_app/static/data/001/venice-beach-2022_52096643026_o.jpg',NULL,'2022-05-23 02:25:23.000000'),(1771,'venice-beach-2022_52096643051_o.jpg','/Users/andy/dev/fall2022/664/project/single_page_app/static/data/001/venice-beach-2022_52096643051_o.jpg',NULL,'2022-05-23 02:25:27.000000'),(1772,'venice-beach-2022_52096643636_o.jpg','/Users/andy/dev/fall2022/664/project/single_page_app/static/data/001/venice-beach-2022_52096643636_o.jpg',NULL,'2022-05-23 02:25:17.000000'),(1773,'venice-beach-2022_52096643836_o.jpg','/Users/andy/dev/fall2022/664/project/single_page_app/static/data/001/venice-beach-2022_52096643836_o.jpg',NULL,'2022-05-23 02:17:30.000000'),(1774,'venice-beach-2022_52096644161_o.jpg','/Users/andy/dev/fall2022/664/project/single_page_app/static/data/001/venice-beach-2022_52096644161_o.jpg',NULL,'2022-05-23 02:17:15.000000'),(1775,'venice-beach-2022_52096644631_o.jpg','/Users/andy/dev/fall2022/664/project/single_page_app/static/data/001/venice-beach-2022_52096644631_o.jpg',NULL,'2022-05-23 02:16:45.000000'),(1776,'venice-beach-2022_52096644751_o.jpg','/Users/andy/dev/fall2022/664/project/single_page_app/static/data/001/venice-beach-2022_52096644751_o.jpg',NULL,'2022-05-23 02:16:31.000000'),(1777,'venice-beach-2022_52096646721_o.jpg','/Users/andy/dev/fall2022/664/project/single_page_app/static/data/001/venice-beach-2022_52096646721_o.jpg',NULL,'2022-05-23 02:15:08.000000'),(1778,'venice-beach-2022_52096647176_o.jpg','/Users/andy/dev/fall2022/664/project/single_page_app/static/data/001/venice-beach-2022_52096647176_o.jpg',NULL,'2022-05-23 01:41:08.000000'),(1779,'venice-beach-2022_52096647186_o.jpg','/Users/andy/dev/fall2022/664/project/single_page_app/static/data/001/venice-beach-2022_52096647186_o.jpg',NULL,'2022-05-23 01:41:11.000000'),(1780,'venice-beach-2022_52096647196_o.jpg','/Users/andy/dev/fall2022/664/project/single_page_app/static/data/001/venice-beach-2022_52096647196_o.jpg',NULL,'2022-05-23 01:41:17.000000'),(1781,'venice-beach-2022_52096648091_o.jpg','/Users/andy/dev/fall2022/664/project/single_page_app/static/data/001/venice-beach-2022_52096648091_o.jpg',NULL,'2022-05-23 01:26:20.000000'),(1782,'venice-beach-2022_52096648221_o.jpg','/Users/andy/dev/fall2022/664/project/single_page_app/static/data/001/venice-beach-2022_52096648221_o.jpg',NULL,'2022-05-23 01:25:58.000000'),(1783,'venice-beach-2022_52096671173_o.jpg','/Users/andy/dev/fall2022/664/project/single_page_app/static/data/001/venice-beach-2022_52096671173_o.jpg',NULL,'2022-05-23 02:16:32.000000'),(1784,'venice-beach-2022_52096671253_o.jpg','/Users/andy/dev/fall2022/664/project/single_page_app/static/data/001/venice-beach-2022_52096671253_o.jpg',NULL,'2022-05-23 02:16:30.000000'),(1785,'venice-beach-2022_52096673603_o.jpg','/Users/andy/dev/fall2022/664/project/single_page_app/static/data/001/venice-beach-2022_52096673603_o.jpg',NULL,'2022-05-23 02:15:07.000000'),(1786,'venice-beach-2022_52096673608_o.jpg','/Users/andy/dev/fall2022/664/project/single_page_app/static/data/001/venice-beach-2022_52096673608_o.jpg',NULL,'2022-05-23 01:45:38.000000'),(1787,'venice-beach-2022_52096673633_o.jpg','/Users/andy/dev/fall2022/664/project/single_page_app/static/data/001/venice-beach-2022_52096673633_o.jpg',NULL,'2022-05-23 01:46:49.000000'),(1788,'venice-beach-2022_52096674583_o.jpg','/Users/andy/dev/fall2022/664/project/single_page_app/static/data/001/venice-beach-2022_52096674583_o.jpg',NULL,'2022-05-23 01:40:36.000000'),(1789,'venice-beach-2022_52096675098_o.jpg','/Users/andy/dev/fall2022/664/project/single_page_app/static/data/001/venice-beach-2022_52096675098_o.jpg',NULL,'2022-05-23 01:26:21.000000'),(1790,'venice-beach-2022_52096675213_o.jpg','/Users/andy/dev/fall2022/664/project/single_page_app/static/data/001/venice-beach-2022_52096675213_o.jpg',NULL,'2022-05-23 01:26:16.000000'),(1791,'venice-beach-2022_52096675373_o.jpg','/Users/andy/dev/fall2022/664/project/single_page_app/static/data/001/venice-beach-2022_52096675373_o.jpg',NULL,'2022-05-23 01:25:46.000000'),(1792,'venice-beach-2022_52096881689_o.jpg','/Users/andy/dev/fall2022/664/project/single_page_app/static/data/001/venice-beach-2022_52096881689_o.jpg',NULL,'2022-05-23 02:25:28.000000'),(1793,'venice-beach-2022_52096882454_o.jpg','/Users/andy/dev/fall2022/664/project/single_page_app/static/data/001/venice-beach-2022_52096882454_o.jpg',NULL,'2022-05-23 02:17:55.000000'),(1794,'venice-beach-2022_52096882464_o.jpg','/Users/andy/dev/fall2022/664/project/single_page_app/static/data/001/venice-beach-2022_52096882464_o.jpg',NULL,'2022-05-23 02:17:28.000000'),(1795,'venice-beach-2022_52096882819_o.jpg','/Users/andy/dev/fall2022/664/project/single_page_app/static/data/001/venice-beach-2022_52096882819_o.jpg',NULL,'2022-05-23 02:17:18.000000'),(1796,'venice-beach-2022_52096883234_o.jpg','/Users/andy/dev/fall2022/664/project/single_page_app/static/data/001/venice-beach-2022_52096883234_o.jpg',NULL,'2022-05-23 02:16:46.000000'),(1797,'venice-beach-2022_52096883244_o.jpg','/Users/andy/dev/fall2022/664/project/single_page_app/static/data/001/venice-beach-2022_52096883244_o.jpg',NULL,'2022-05-23 02:16:55.000000'),(1798,'venice-beach-2022_52096885429_o.jpg','/Users/andy/dev/fall2022/664/project/single_page_app/static/data/001/venice-beach-2022_52096885429_o.jpg',NULL,'2022-05-23 01:45:28.000000'),(1799,'venice-beach-2022_52096885434_o.jpg','/Users/andy/dev/fall2022/664/project/single_page_app/static/data/001/venice-beach-2022_52096885434_o.jpg',NULL,'2022-05-23 02:15:13.000000'),(1800,'venice-beach-2022_52096885924_o.jpg','/Users/andy/dev/fall2022/664/project/single_page_app/static/data/001/venice-beach-2022_52096885924_o.jpg',NULL,'2022-05-23 01:41:05.000000'),(1801,'venice-beach-2022_52096886019_o.jpg','/Users/andy/dev/fall2022/664/project/single_page_app/static/data/001/venice-beach-2022_52096886019_o.jpg',NULL,'2022-05-23 01:43:39.000000'),(1802,'venice-beach-2022_52096886379_o.jpg','/Users/andy/dev/fall2022/664/project/single_page_app/static/data/001/venice-beach-2022_52096886379_o.jpg',NULL,'2022-05-23 01:40:37.000000'),(1803,'venice-beach-2022_52096886399_o.jpg','/Users/andy/dev/fall2022/664/project/single_page_app/static/data/001/venice-beach-2022_52096886399_o.jpg',NULL,'2022-05-23 01:40:34.000000'),(1804,'venice-beach-2022_52096886424_o.jpg','/Users/andy/dev/fall2022/664/project/single_page_app/static/data/001/venice-beach-2022_52096886424_o.jpg',NULL,'2022-05-23 01:39:05.000000'),(1805,'venice-beach-2022_52096886849_o.jpg','/Users/andy/dev/fall2022/664/project/single_page_app/static/data/001/venice-beach-2022_52096886849_o.jpg',NULL,'2022-05-23 01:26:18.000000'),(1806,'venice-beach-2022_52097143870_o.jpg','/Users/andy/dev/fall2022/664/project/single_page_app/static/data/001/venice-beach-2022_52097143870_o.jpg',NULL,'2022-05-23 02:25:26.000000'),(1807,'venice-beach-2022_52097143885_o.jpg','/Users/andy/dev/fall2022/664/project/single_page_app/static/data/001/venice-beach-2022_52097143885_o.jpg',NULL,'2022-05-23 02:25:25.000000'),(1808,'venice-beach-2022_52097144460_o.jpg','/Users/andy/dev/fall2022/664/project/single_page_app/static/data/001/venice-beach-2022_52097144460_o.jpg',NULL,'2022-05-23 02:25:16.000000'),(1809,'venice-beach-2022_52097144580_o.jpg','/Users/andy/dev/fall2022/664/project/single_page_app/static/data/001/venice-beach-2022_52097144580_o.jpg',NULL,'2022-05-23 02:17:48.000000'),(1810,'venice-beach-2022_52097147620_o.jpg','/Users/andy/dev/fall2022/664/project/single_page_app/static/data/001/venice-beach-2022_52097147620_o.jpg',NULL,'2022-05-23 02:15:13.000000'),(1811,'venice-beach-2022_52097148125_o.jpg','/Users/andy/dev/fall2022/664/project/single_page_app/static/data/001/venice-beach-2022_52097148125_o.jpg',NULL,'2022-05-23 01:41:19.000000'),(1812,'venice-beach-2022_52097148535_o.jpg','/Users/andy/dev/fall2022/664/project/single_page_app/static/data/001/venice-beach-2022_52097148535_o.jpg',NULL,'2022-05-23 01:40:35.000000'),(1813,'venice-beach-2022_52097148545_o.jpg','/Users/andy/dev/fall2022/664/project/single_page_app/static/data/001/venice-beach-2022_52097148545_o.jpg',NULL,'2022-05-23 01:40:35.000000'),(1814,'venice-beach-2022_52097148555_o.jpg','/Users/andy/dev/fall2022/664/project/single_page_app/static/data/001/venice-beach-2022_52097148555_o.jpg',NULL,'2022-05-23 01:40:49.000000'),(1815,'venice-beach-2022_52097148605_o.jpg','/Users/andy/dev/fall2022/664/project/single_page_app/static/data/001/venice-beach-2022_52097148605_o.jpg',NULL,'2022-05-23 01:39:02.000000'),(1816,'venice-beach-2022_52097149120_o.jpg','/Users/andy/dev/fall2022/664/project/single_page_app/static/data/001/venice-beach-2022_52097149120_o.jpg',NULL,'2022-05-23 01:26:19.000000'),(1817,'venice-beach-2022_52097149270_o.jpg','/Users/andy/dev/fall2022/664/project/single_page_app/static/data/001/venice-beach-2022_52097149270_o.jpg',NULL,'2022-05-23 01:26:09.000000'),(1818,'venice-beach-2022_52097149430_o.jpg','/Users/andy/dev/fall2022/664/project/single_page_app/static/data/001/venice-beach-2022_52097149430_o.jpg',NULL,'2022-05-23 01:25:48.000000');
/*!40000 ALTER TABLE `index_file` ENABLE KEYS */;
UNLOCK TABLES;

--
-- Table structure for table `Library`
--

DROP TABLE IF EXISTS `Library`;
/*!40101 SET @saved_cs_client     = @@character_set_client */;
/*!50503 SET character_set_client = utf8mb4 */;
CREATE TABLE `Library` (
  `id` bigint NOT NULL AUTO_INCREMENT,
  `name` varchar(64) NOT NULL,
  `path` varchar(2048) NOT NULL,
  PRIMARY KEY (`id`)
) ENGINE=InnoDB DEFAULT CHARSET=utf8mb4 COLLATE=utf8mb4_0900_ai_ci;
/*!40101 SET character_set_client = @saved_cs_client */;

--
-- Dumping data for table `Library`
--

LOCK TABLES `Library` WRITE;
/*!40000 ALTER TABLE `Library` DISABLE KEYS */;
/*!40000 ALTER TABLE `Library` ENABLE KEYS */;
UNLOCK TABLES;
/*!40103 SET TIME_ZONE=@OLD_TIME_ZONE */;

/*!40101 SET SQL_MODE=@OLD_SQL_MODE */;
/*!40014 SET FOREIGN_KEY_CHECKS=@OLD_FOREIGN_KEY_CHECKS */;
/*!40014 SET UNIQUE_CHECKS=@OLD_UNIQUE_CHECKS */;
/*!40101 SET CHARACTER_SET_CLIENT=@OLD_CHARACTER_SET_CLIENT */;
/*!40101 SET CHARACTER_SET_RESULTS=@OLD_CHARACTER_SET_RESULTS */;
/*!40101 SET COLLATION_CONNECTION=@OLD_COLLATION_CONNECTION */;
/*!40111 SET SQL_NOTES=@OLD_SQL_NOTES */;

-- Dump completed on 2022-11-21 22:48:20
